City,Latitude,Longitude,Temperature (F),Humidity (%),Cloudiness (%),Wind_Speed (mph)
atuona,-9.8,-139.0333333,78.91,76.0,86.0,19.69
rikitea,-23.1202778,-134.9691667,75.34,85.0,100.0,19.24
karauzyak,43.0275,60.0125,48.2,61.0,0.0,4.7
punta arenas,-53.15,-70.916667,55.4,37.0,20.0,34.45
pathein,16.7833333,94.7333333,75.83,90.0,0.0,4.36
mys shmidta,68.933333,-179.5,28.4,98.0,100.0,6.24
nizhneyansk,71.433333,136.066667,10.67,96.0,98.0,11.01
mataura,-23.3666667,-149.4666667,68.16,92.0,100.0,17.92
maniitsoq,65.4166667,-52.9,28.0,89.0,0.0,17.54
butaritari,3.0833333,172.8166667,81.54,65.0,100.0,6.38
hobart,-42.883209,147.331665,49.46,61.0,75.0,8.05
terrace,54.5,-128.583333,33.8,85.0,90.0,3.36
opportunity,47.6575,-117.2388889,31.62,62.0,80.0,1.01
qaanaaq,77.4894444,-69.3322222,5.83,75.0,84.0,9.55
east london,-33.011051,27.910049,62.6,93.0,90.0,8.05
pisco,-13.7,-76.2166667,70.47,64.0,0.0,12.75
mananara,-16.1666667,49.7666667,69.21,85.0,12.0,3.8
ushuaia,-54.8,-68.3,50.0,61.0,75.0,23.04
yatou,37.15,122.383333,55.06,81.0,22.0,3.94
hervey bay,-25.285,152.873,73.99,92.0,96.0,1.01
bluff,-46.6,168.333333,48.0,90.0,89.0,1.99
svetlogorsk,66.916667,88.35,-6.25,88.0,0.0,6.6
busselton,-33.652489,115.345497,53.98,75.0,24.0,7.54
vaini,-21.2,-175.2,75.2,83.0,20.0,9.17
barcelos,-1.0,-62.966667,90.73,58.0,36.0,3.22
hilo,19.7297222,-155.09,73.22,83.0,90.0,6.93
los llanos de aridane,28.658507,-17.918211,66.33,68.0,75.0,9.17
naifaru,5.4333333,73.3333333,82.0,77.0,30.0,9.17
mogadishu,2.0666667,45.3666667,79.75,84.0,84.0,10.22
grand river south east,-20.2861111,57.7758333,73.2,73.0,40.0,8.05
ishigaki,24.344782,124.157167,77.0,72.0,99.0,16.98
dorna,47.35,25.433333,42.01,86.0,1.0,2.95
kaitangata,-46.275,169.85,48.99,84.0,99.0,4.0
port lincoln,-34.72625,135.87442,54.09,87.0,1.0,6.69
guerrero negro,27.976944,-114.061111,74.08,49.0,3.0,18.59
hammerfest,70.661667,23.688333,37.4,74.0,0.0,13.87
rocha,-34.4833333,-54.3333333,58.06,74.0,100.0,16.8
luderitz,-26.6480556,15.1594444,62.1,71.0,0.0,16.71
kodiak,57.79,-152.4072222,48.2,49.0,40.0,16.11
port elizabeth,-33.917988,25.570066,64.4,88.0,98.0,18.34
chuy,-33.6833333,-53.45,58.62,92.0,100.0,16.89
bowen,-20.01367,148.247543,71.6,88.0,40.0,3.36
lasa,29.65,91.1,38.61,71.0,2.0,5.19
hauterive,49.183333,-68.266667,35.6,59.0,90.0,6.93
opuwo,-18.0666667,13.85,68.65,41.0,39.0,7.43
sovetskiy,67.483333,64.416667,8.56,91.0,0.0,3.13
jamestown,-15.9333333,-5.7166667,63.63,92.0,12.0,17.47
loyga,61.078451,44.607501,27.57,96.0,70.0,6.11
arraial do cabo,-22.966667,-42.016667,79.57,69.0,20.0,5.82
carutapera,-1.216667,-46.016667,83.8,68.0,92.0,7.94
dubbo,-32.24295,148.604843,50.0,87.0,40.0,9.17
norman wells,65.283333,-126.85,24.8,79.0,75.0,21.92
saint george,32.3816667,-64.6780556,75.09,88.0,90.0,14.99
belushya guba,71.539238,52.332117,28.94,94.0,100.0,19.3
sur,22.5666667,59.5288889,71.26,62.0,0.0,2.15
hovd,44.6666667,102.1666667,31.64,67.0,0.0,5.39
palabuhanratu,-6.9875,106.551389,76.3,84.0,93.0,0.36
alyangula,-13.85413,136.421295,77.0,94.0,75.0,6.15
castro,-42.463611,-73.808333,47.79,100.0,90.0,16.11
mar del plata,-38.002278,-57.557539,66.2,37.0,0.0,11.41
mitsamiouli,-11.3847222,43.2844444,78.35,74.0,11.0,8.05
iqaluit,63.733333,-68.5,15.39,72.0,75.0,2.24
barrow,71.2905556,-156.7886111,19.4,79.0,90.0,6.93
kapaa,22.0783333,-159.3219444,81.03,78.0,40.0,3.36
jiddah,21.516944,39.219167,86.0,62.0,20.0,2.24
gazli,40.1333333,63.45,51.46,43.0,24.0,4.09
sentyabrskiy,45.266667,148.5,47.75,72.0,14.0,10.98
nikolayevsk-na-amure,53.140556,140.73,30.81,96.0,19.0,3.24
trinidad,-14.8333333,-64.9,96.8,50.0,40.0,13.87
tasiilaq,65.6,-37.6333333,33.8,50.0,100.0,20.8
port alfred,-33.590572,26.891037,65.79,82.0,100.0,28.01
torbat-e jam,35.244,60.6225,57.06,33.0,0.0,9.04
hithadhoo,-0.6,73.0833333,83.16,66.0,17.0,6.53
waw,7.7,28.0,73.58,79.0,100.0,4.25
cape town,-33.925839,18.423218,65.32,82.0,0.0,8.05
husavik,66.05,-17.35,37.4,69.0,75.0,5.82
putina,-15.4666667,-69.4333333,57.9,41.0,100.0,12.57
umzimvubu,-31.622911,29.544772,64.87,87.0,74.0,5.53
sola,-13.8833333,167.55,82.4,78.0,75.0,5.82
yellowknife,62.45,-114.35,24.58,62.0,75.0,10.29
santa marta,11.240791,-74.19904,84.0,77.0,12.0,7.0
saleaula,-13.4333333,-172.3333333,78.39,94.0,75.0,6.93
aquiraz,-3.9,-38.366667,84.2,70.0,20.0,11.41
mandera,3.9261111,41.8461111,84.7,53.0,79.0,2.86
taolanaro,-25.0333333,47.0,73.4,88.0,20.0,21.92
lebu,-37.616667,-73.65,54.01,71.0,100.0,8.61
linhares,-19.416667,-40.066667,75.81,79.0,0.0,9.75
albany,-35.003101,117.865952,51.8,100.0,90.0,4.7
souillac,-20.5166667,57.5166667,73.4,73.0,40.0,8.05
fare,-16.7,-151.0166667,80.42,77.0,41.0,13.44
sinnamary,5.3833333,-52.95,83.93,72.0,2.0,9.64
acapulco,16.85,-99.916667,86.0,79.0,90.0,4.7
yar-sale,66.833333,70.833333,7.66,95.0,62.0,6.33
lorengau,-2.0166667,147.2666667,79.92,77.0,100.0,3.89
vaitupu,-13.2333333,-176.15,81.77,75.0,60.0,10.36
georgetown,-7.9333333,-14.4166667,75.2,73.0,20.0,16.11
clyde river,70.45,-68.566667,15.8,72.0,90.0,12.75
sao filipe,14.9,-24.5166667,81.86,73.0,100.0,9.95
nuristan,34.95,70.4,51.6,40.0,0.0,1.79
vallenar,-28.570833,-70.758056,82.76,18.0,0.0,8.28
litokhoron,40.1005556,22.4977778,61.38,63.0,0.0,1.99
bathsheba,13.2166667,-59.5166667,87.8,66.0,40.0,11.41
tuktoyaktuk,69.45,-133.066667,6.8,84.0,40.0,12.75
faya,17.9166667,19.1166667,75.96,24.0,0.0,12.15
horsham,-36.711311,142.199814,49.95,61.0,100.0,10.18
tevriz,57.509,72.4042,40.95,96.0,100.0,9.91
louisbourg,45.916667,-59.983333,44.33,63.0,83.0,5.01
bethel,60.7922222,-161.7558333,34.84,100.0,90.0,12.75
cabedelo,-6.966667,-34.833333,82.4,69.0,40.0,10.29
dikson,73.506944,80.546389,11.79,95.0,100.0,15.35
samusu,-13.9666667,-171.3666667,82.31,77.0,2.0,13.06
illoqqortoormiut,70.4833333,-21.9666667,15.84,86.0,2.0,2.01
thompson,55.75,-97.866667,28.4,54.0,75.0,12.75
kruisfontein,-34.003333,24.731417,64.0,92.0,100.0,8.01
cozumel,20.508333,-86.945833,83.89,79.0,90.0,34.45
new norfolk,-42.78075,147.059387,47.62,65.0,100.0,1.52
amberley,-43.166667,172.733333,46.8,93.0,100.0,3.36
bom jardim,-7.016667,-46.483333,86.05,59.0,95.0,1.81
akyab,20.15,92.9,79.18,84.0,5.0,3.51
tabiauea,0.9,173.0333333,78.8,78.0,75.0,4.7
kijang,0.9,104.633333,82.02,77.0,89.0,5.88
taoudenni,22.6666667,-3.9833333,90.0,17.0,10.0,10.76
hermanus,-34.418696,19.234464,64.99,83.0,92.0,7.0
petropavlovsk-kamchatskiy,53.0452,158.6483,37.4,100.0,100.0,4.47
avarua,-21.2077778,-159.775,75.2,73.0,100.0,13.87
ndioum,16.5166667,-14.65,95.0,30.0,0.0,2.24
sumbawa,-8.5,117.433333,74.26,84.0,4.0,3.65
hit,33.6366667,42.8225,67.03,25.0,0.0,3.06
ribeira grande,38.516667,-28.7,69.8,88.0,40.0,17.22
sibiti,-3.6858333,13.3458333,71.46,99.0,100.0,1.61
panaba,21.283333,-88.266667,84.0,84.0,100.0,12.19
tucuman,-26.824144,-65.2226,86.0,23.0,0.0,8.05
mehamn,71.033333,27.85,30.2,86.0,0.0,17.22
okha,53.573889,142.947778,39.33,84.0,94.0,10.49
sungairaya,0.7,108.9,76.8,86.0,100.0,2.51
formoso do araguaia,-11.796667,-49.466944,89.78,48.0,62.0,6.51
faanui,-16.4833333,-151.75,79.97,78.0,97.0,15.68
leningradskiy,69.383333,178.416667,26.17,98.0,100.0,7.0
harper,4.375,-7.7169444,77.74,89.0,98.0,7.36
cidreira,-30.183333,-50.2,69.39,92.0,100.0,7.05
bure,10.7,37.066667,55.62,81.0,0.0,4.94
tsumeb,-19.2333333,17.7166667,83.35,22.0,97.0,27.22
santiago de cuba,20.0247222,-75.8219444,87.8,74.0,75.0,6.93
severo-kurilsk,50.678889,156.125,43.3,84.0,95.0,3.24
atagay,55.1033,99.3875,30.04,92.0,99.0,3.71
ballina,-28.86414,153.565414,64.78,82.0,90.0,11.41
haifa,32.815556,34.989167,73.0,88.0,0.0,4.32
kalmunai,7.4166667,81.8166667,80.24,79.0,83.0,3.42
tsihombe,-25.3,45.4833333,68.2,92.0,0.0,3.15
palmerston,-12.45722,130.836639,78.21,88.0,100.0,6.93
ryomgard,56.384305,10.502952,49.1,81.0,0.0,4.7
barentsburg,78.0666667,14.2333333,23.0,79.0,75.0,11.41
cayenne,4.9333333,-52.3333333,84.2,70.0,39.0,19.46
fairbanks,64.8377778,-147.7163889,29.1,100.0,90.0,5.41
port blair,11.666667,92.75,79.39,82.0,19.0,5.66
provideniya,64.383333,-173.3,30.2,74.0,90.0,0.74
vao,-22.6666667,167.4833333,73.08,83.0,1.0,17.27
seryshevo,51.093333,128.378611,36.03,83.0,100.0,8.77
mahebourg,-20.4080556,57.7,73.4,73.0,40.0,8.05
morgan city,29.6991667,-91.2066667,80.01,65.0,5.0,8.05
asau,-7.5,178.6666667,83.17,73.0,31.0,10.92
newport,44.6369444,-124.0522222,51.55,39.0,1.0,8.05
xai-xai,-25.0519444,33.6441667,72.79,87.0,0.0,9.26
carnarvon,-24.88073,113.659401,68.0,94.0,0.0,19.46
nouadhibou,20.9,-17.0666667,75.2,64.0,0.0,13.87
sorland,67.666667,12.7,46.4,93.0,75.0,23.04
upernavik,72.7833333,-56.1666667,18.03,80.0,98.0,4.61
bakel,14.9,-12.45,86.29,13.0,0.0,3.6
cherskiy,68.75,161.3,4.68,93.0,42.0,5.84
talnakh,69.4865,88.3972,1.4,84.0,40.0,2.24
igarka,67.4655,86.6027,-2.72,90.0,0.0,6.71
bredasdorp,-34.532154,20.040308,64.4,88.0,100.0,12.75
shimoda,34.666667,138.95,54.0,87.0,8.0,9.62
galbshtadt,53.2264,78.9845,46.29,73.0,100.0,18.77
puerto ayora,-0.75,-90.3166667,74.39,69.0,40.0,20.8
beyneu,45.316667,55.2,41.23,66.0,0.0,7.81
peleduy,59.628889,112.740556,18.14,96.0,85.0,1.63
roebourne,-20.772289,117.146477,68.43,77.0,27.0,7.05
buala,-8.1333333,159.5833333,79.27,79.0,100.0,2.15
japura,-1.395833,-69.422222,92.3,51.0,45.0,3.29
grand gaube,-20.0063889,57.6608333,73.0,74.0,0.0,5.01
osorno,-40.566667,-73.15,51.8,81.0,90.0,14.99
mount isa,-20.725229,139.497269,69.8,28.0,40.0,8.05
callaway,30.1527778,-85.57,84.13,70.0,75.0,5.82
gondanglegi,-8.175288,112.635935,71.73,93.0,69.0,2.26
sedelnikovo,56.946383,75.306594,42.03,96.0,100.0,8.61
lompoc,34.6391667,-120.4569444,69.28,46.0,1.0,3.36
saskylakh,71.916667,114.083333,3.72,93.0,97.0,5.82
morondava,-20.2833333,44.2833333,77.27,71.0,58.0,9.37
cockburn harbour,21.4833333,-71.5333333,86.0,66.0,75.0,11.41
vanavara,60.34,102.279722,23.04,93.0,100.0,3.24
byron bay,-28.64201,153.611938,64.51,82.0,90.0,11.41
solginskiy,61.05,41.342778,31.32,95.0,98.0,8.21
nikolskoye,55.193889,165.9925,43.9,93.0,100.0,11.54
hofn,64.25,-15.216667,37.4,59.0,0.0,16.11
bereda,11.85,51.05,70.43,75.0,71.0,4.29
tahe,52.333333,124.733333,33.4,95.0,100.0,3.38
artyom,40.472255,50.333041,59.0,93.0,20.0,6.93
severo-yeniseyskiy,60.3725,93.040833,12.74,97.0,62.0,3.04
fortuna,40.5983333,-124.1561111,66.65,22.0,1.0,6.64
ancud,-41.869722,-73.820278,47.01,100.0,90.0,16.11
liverpool,44.033333,-64.716667,51.01,80.0,96.0,1.99
marsh harbour,26.55,-77.05,82.94,72.0,0.0,7.63
broome,-17.955379,122.23922,78.8,74.0,75.0,8.05
deputatskiy,69.3,139.9,0.12,88.0,64.0,3.44
kahului,20.8947222,-156.47,79.9,61.0,1.0,5.82
andra,62.514722,65.887778,22.14,96.0,100.0,10.13
odienne,9.505114,-7.564332,76.23,55.0,99.0,0.98
getulio vargas,-27.833333,-52.266667,71.6,83.0,75.0,13.87
ciudad bolivar,8.1222222,-63.5497222,90.03,54.0,88.0,9.04
vardo,70.366667,31.1,35.6,93.0,75.0,17.22
mujiayingzi,42.116667,118.783333,36.63,68.0,0.0,9.4
quthing,-30.4,27.7166667,65.57,51.0,93.0,2.62
meulaboh,4.1363,96.1285,76.5,87.0,99.0,4.05
kutum,14.2,24.6666667,74.64,21.0,72.0,12.55
klaksvik,62.2333333,-6.6,39.2,86.0,15.0,4.7
rawson,-43.300158,-65.10228,71.13,29.0,100.0,17.83
slave lake,55.283333,-114.783333,33.8,55.0,90.0,3.36
nara,15.1666667,-7.2833333,86.34,11.0,0.0,11.07
torbay,47.65,-52.733333,39.94,44.0,40.0,12.75
ust-kan,50.9276,84.761,29.73,89.0,100.0,6.93
sitka,57.0530556,-135.33,51.8,87.0,90.0,5.82
riyadh,24.653664,46.71522,71.6,30.0,0.0,4.12
bolungarvik,66.15,-23.25,37.02,80.0,100.0,15.41
merauke,-8.466667,140.333333,77.38,88.0,99.0,10.25
yerbogachen,61.276667,108.010833,20.43,93.0,100.0,2.53
tabou,4.42295,-7.3528,78.01,89.0,87.0,7.29
tuatapere,-46.133333,167.683333,48.0,90.0,99.0,1.99
lamont,35.2597222,-118.9133333,61.12,21.0,100.0,3.0
saint combs,57.65,-1.9,46.58,87.0,75.0,8.05
pangai,-19.8,-174.35,77.0,83.0,40.0,13.87
champerico,14.3,-91.916667,84.2,79.0,40.0,6.93
cap malheureux,-19.9841667,57.6141667,73.0,74.0,0.0,5.01
maceio,-9.666667,-35.716667,84.2,70.0,20.0,16.11
severnoye,56.349121,78.361888,42.66,96.0,100.0,10.71
veraval,20.9,70.366667,82.49,59.0,0.0,3.42
qeshm,26.9581,56.2719,68.9,56.0,0.0,4.7
alta floresta,-9.9,-55.9,91.4,52.0,75.0,6.93
inverell,-29.774031,151.111664,48.69,90.0,72.0,1.99
borujerd,33.8973,48.7516,45.14,51.0,0.0,0.87
jardim,-3.433333,-39.016667,81.0,75.0,0.0,15.99
chokurdakh,70.633333,147.916667,9.14,96.0,100.0,12.46
victoria,-4.6166667,55.45,80.6,83.0,40.0,5.82
huarmey,-10.0666667,-78.1666667,68.99,70.0,100.0,11.81
ardistan,33.3761,52.3694,53.47,38.0,0.0,2.73
tura,64.283333,100.25,-3.23,92.0,87.0,5.28
haines junction,60.75,-137.5,42.73,70.0,47.0,20.02
high level,58.516667,-117.133333,28.4,58.0,90.0,2.24
amderma,69.7576,61.6655,15.22,94.0,24.0,10.85
longyearbyen,78.2166667,15.6333333,23.0,79.0,75.0,11.41
san patricio,19.216667,-104.7,89.6,75.0,20.0,11.41
constitucion,25.036944,-111.664444,81.81,37.0,0.0,17.85
pingchen,24.95,121.2,73.9,64.0,20.0,16.11
kavieng,-2.5666667,150.8,82.85,68.0,98.0,6.85
baracoa,20.3466667,-74.4958333,84.7,72.0,93.0,8.72
steamboat springs,40.485,-106.8311111,10.6,60.0,90.0,3.36
lokosovo,61.133333,74.816667,24.62,97.0,100.0,12.35
taltal,-25.4,-70.483333,64.62,63.0,42.0,7.45
kathmandu,27.7166667,85.3166667,60.8,93.0,40.0,3.36
cabo san lucas,22.883333,-109.9,88.09,51.0,5.0,14.99
batavia,42.9980556,-78.1877778,45.46,100.0,90.0,6.93
aksarka,66.560556,67.7975,4.48,95.0,63.0,7.87
airai,7.3575,134.5577778,77.0,94.0,75.0,6.26
krasnoselkup,65.7,82.466667,-0.09,91.0,0.0,9.95
chekhov,47.442778,141.978889,40.93,80.0,70.0,7.67
cabra,13.888333,120.049444,83.25,78.0,100.0,20.07
gumdag,39.2061111,54.5905556,63.82,29.0,100.0,4.21
ust-kamchatsk,56.236667,162.518889,43.59,92.0,100.0,15.17
flinders,-32.79924,134.211594,51.49,70.0,0.0,6.06
rio grande,-32.033333,-52.083333,69.01,95.0,100.0,1.01
vaitape,-16.5166667,-151.75,80.78,76.0,100.0,15.59
dedougou,12.4666667,-3.4666667,83.77,20.0,49.0,3.67
russell,-35.266667,174.116667,62.01,96.0,7.0,1.01
turukhansk,65.816667,87.983333,-0.58,89.0,0.0,7.11
north bend,43.4066667,-124.2230556,56.32,37.0,1.0,4.7
gobabis,-22.45,18.9666667,74.35,35.0,100.0,5.97
crestview,30.7619444,-86.5705556,84.36,58.0,40.0,5.82
broken hill,-31.961729,141.459976,48.2,93.0,30.0,3.36
nemuro,43.323611,145.575,49.82,75.0,54.0,9.51
sindgi,16.916667,76.233333,73.9,77.0,9.0,7.7
ahipara,-35.166667,173.166667,63.97,86.0,20.0,4.16
chemax,20.65,-87.933333,82.2,88.0,100.0,6.02
lolua,-5.6666667,176.1333333,81.77,72.0,100.0,6.73
goderich,8.4319444,-13.2897222,86.0,70.0,40.0,8.05
bagdarin,54.433333,113.6,15.37,87.0,0.0,5.59
ukiah,39.1502778,-123.2066667,69.06,10.0,1.0,4.7
sikeston,36.8766667,-89.5877778,51.8,76.0,75.0,8.05
bloomfield,36.7111111,-107.9838889,26.6,68.0,90.0,14.99
antsohihy,-14.8666667,47.9833333,77.88,72.0,0.0,1.03
kingston,41.9269444,-73.9977778,48.11,93.0,100.0,1.01
ourossogui,15.6,-13.3166667,96.8,22.0,0.0,4.7
codrington,17.6333333,-61.8333333,84.07,70.0,40.0,11.41
bentiu,9.2333333,29.8333333,75.67,81.0,90.0,4.18
acarau,-2.883333,-40.116667,81.7,73.0,0.0,16.42
saint-philippe,-21.35,55.7666667,70.97,83.0,0.0,5.82
zhanatas,43.566667,69.75,54.48,39.0,0.0,28.34
saint-pierre,46.7666667,-56.1833333,42.4,56.0,40.0,9.17
altamont,42.2069444,-121.7361111,42.49,30.0,1.0,3.36
ylojarvi,61.55,23.6,50.0,93.0,90.0,9.17
fukue,32.688056,128.841944,66.29,58.0,0.0,7.87
atikokan,48.75,-91.616667,28.11,87.0,100.0,8.14
dwarka,22.239444,68.967778,83.26,49.0,0.0,8.25
muzhi,65.366667,64.666667,6.42,95.0,98.0,8.63
guadalupe y calvo,26.1,-106.966667,65.79,40.0,0.0,12.1
bambanglipuro,-7.95,110.283333,76.6,87.0,100.0,7.83
visby,57.633333,18.3,52.2,93.0,90.0,9.17
kamenskoye,62.5,166.2,24.15,95.0,100.0,3.47
bontang,0.133333,117.5,75.74,90.0,100.0,5.93
markova,57.320556,107.088056,17.58,94.0,100.0,2.82
arshan,46.2732,44.22,44.6,75.0,100.0,11.18
pandan,14.0453,124.1694,78.64,84.0,100.0,5.48
gushikawa,26.354444,127.868611,68.29,82.0,1.0,6.93
dolores,-36.313215,-57.679185,66.07,56.0,0.0,7.2
anadyr,64.75,177.483333,15.8,92.0,40.0,4.47
katsuura,35.133333,140.3,62.01,63.0,40.0,12.75
honiara,-9.4333333,159.95,73.4,100.0,40.0,2.24
teahupoo,-17.8333333,-149.2666667,84.09,70.0,75.0,12.75
port hardy,50.716667,-127.5,44.6,93.0,90.0,9.17
newcastle,-32.927792,151.784485,57.07,100.0,90.0,10.29
namatanai,-3.6666667,152.4333333,79.95,73.0,16.0,4.45
suba,10.8438,121.0102,82.54,80.0,100.0,25.43
farafangana,-22.8166667,47.8333333,70.63,82.0,0.0,6.53
natal,-5.783333,-35.216667,83.28,69.0,40.0,12.75
adre,13.4666667,22.2,79.16,21.0,20.0,8.55
skagastrond,65.833333,-20.316667,37.72,78.0,65.0,11.05
westport,-41.75,171.566667,57.36,95.0,100.0,3.74
numan,9.466667,12.033333,80.2,30.0,43.0,0.96
karpathos,35.5,27.2333333,69.8,77.0,20.0,2.24
evanston,41.2683333,-110.9625,18.81,41.0,1.0,5.82
road town,18.4166667,-64.6166667,85.37,70.0,20.0,10.29
parabel,58.697778,81.4825,31.01,98.0,100.0,11.79
tateyama,34.983333,139.866667,61.92,63.0,40.0,12.75
nanga eboko,4.6833333,12.3666667,70.38,94.0,61.0,1.72
tupik,54.4253,119.9327,26.22,96.0,100.0,10.71
coihaique,-45.566667,-72.066667,55.4,50.0,40.0,11.41
te anau,-45.416667,167.716667,47.91,67.0,64.0,3.85
havre,48.55,-109.6833333,26.6,63.0,1.0,25.28
khatanga,71.966667,102.5,2.61,94.0,83.0,9.51
moussoro,13.6425,16.4888889,85.42,15.0,94.0,11.21
fundu moldovei,47.533333,25.4,43.0,86.0,0.0,3.15
chapais,49.783333,-74.866667,30.2,92.0,90.0,6.93
lagoa,39.05,-27.983333,68.16,88.0,100.0,24.74
da nang,16.067778,108.220833,75.2,94.0,75.0,11.7
avera,-22.45,-151.35,72.07,84.0,100.0,19.42
tiksi,71.687222,128.869444,6.13,93.0,99.0,8.01
tuxpan,21.95,-105.3,90.93,59.0,81.0,8.81
aklavik,68.216667,-135.0,12.2,92.0,75.0,6.93
saldanha,-33.01167,17.944202,62.6,77.0,25.0,3.36
lovec,43.1333333,24.7166667,53.8,87.0,5.0,3.85
vostok,48.916667,148.9,46.09,88.0,57.0,18.75
pau,43.299999,-0.366667,47.43,87.0,87.0,10.29
gwalior,26.223611,78.179167,73.29,25.0,0.0,3.8
samarinda,-0.5,117.15,73.31,96.0,99.0,2.46
alice springs,-23.697479,133.883621,55.4,35.0,0.0,4.7
fort frances,48.616667,-93.416667,29.34,42.0,90.0,9.17
yumen,39.833333,97.733333,32.65,74.0,100.0,1.72
fujinomiya,35.216667,138.616667,51.6,84.0,55.0,4.65
nouakchott,18.0863889,-15.9752778,98.6,7.0,0.0,12.75
tumannyy,68.884722,35.694444,35.78,98.0,100.0,11.18
biak,-1.166007,136.09717,80.28,80.0,69.0,5.41
namibe,-15.196111,12.152222,69.46,78.0,84.0,3.87
bambous virieux,-20.3427778,57.7575,73.22,73.0,40.0,8.05
trairi,-3.283333,-39.25,80.65,75.0,0.0,11.59
yuci,37.680278,112.731944,53.6,20.0,0.0,13.42
esik,43.355,77.463333,41.0,65.0,75.0,2.24
koungou,-12.7336111,45.2041667,78.8,78.0,90.0,4.7
at-bashi,41.1697222,75.8102778,35.85,71.0,100.0,4.63
paamiut,62.0,-49.75,33.12,88.0,100.0,33.82
nyurba,63.284167,118.331944,13.05,86.0,100.0,3.85
khorixas,-20.3666667,14.9666667,74.17,31.0,73.0,4.43
novyy oskol,50.763302,37.86402,49.26,72.0,100.0,8.52
kavaratti,10.566667,72.616667,82.56,71.0,80.0,6.96
tubruq,32.0836111,23.9763889,70.59,64.0,0.0,8.88
ulladulla,-35.359058,150.472473,51.15,93.0,90.0,11.41
kulhudhuffushi,6.6166667,73.05,82.45,75.0,51.0,6.85
juba,4.85,31.6166667,75.54,79.0,100.0,2.1
fuzhou,26.061389,119.306111,68.0,72.0,0.0,6.71
pevek,69.700833,170.313333,23.77,94.0,98.0,11.45
ampanihy,-24.7,44.75,72.45,63.0,0.0,4.72
prieska,-29.664088,22.747421,76.71,38.0,19.0,10.38
uray,60.124722,64.775833,26.73,96.0,100.0,15.55
toliary,-23.35,43.6666667,72.41,79.0,0.0,4.5
berlevag,70.85,29.1,33.8,86.0,0.0,20.8
ashington,55.163889,-1.586389,48.29,81.0,20.0,20.8
bandarbeyla,9.4833333,50.8166667,76.44,77.0,74.0,15.84
porbandar,21.633333,69.6,82.47,52.0,0.0,8.77
sept-iles,50.2,-66.383333,31.23,92.0,90.0,4.7
alofi,-19.0166667,-169.9166667,71.6,88.0,75.0,11.41
umm durman,15.6361111,32.4372222,90.68,14.0,0.0,12.75
wana,32.298889,69.5725,53.31,37.0,0.0,2.48
kankavli,16.266667,73.7,74.14,90.0,42.0,2.93
nanortalik,60.1166667,-45.2166667,34.97,87.0,100.0,11.43
langenburg,50.833333,-101.7,18.75,90.0,100.0,12.46
yaan,29.989788,103.003694,62.56,70.0,100.0,1.79
ambon,-3.695426,128.181405,82.99,90.0,92.0,5.97
amahai,-3.333333,128.916667,82.99,90.0,100.0,2.48
sosnogorsk,63.602288,53.881751,21.58,96.0,94.0,1.72
lavrentiya,65.583333,-171.0,30.34,92.0,20.0,5.57
lodeynoye pole,60.726004,33.553057,45.99,91.0,100.0,8.14
hami,42.8,93.45,37.49,66.0,100.0,3.24
eureka,40.8022222,-124.1625,65.43,22.0,1.0,8.05
yaguajay,22.3272222,-79.2377778,78.84,85.0,100.0,9.8
kaeo,-35.1,173.783333,62.01,96.0,21.0,1.01
katobu,-4.9186,122.5218,75.51,87.0,100.0,3.2
regeneracao,-6.25,-42.683333,89.6,49.0,100.0,3.11
wajir,1.7472222,40.0688889,85.96,50.0,91.0,22.64
samalaeulu,-13.4666667,-172.2666667,78.39,94.0,75.0,6.93
plaster rock,46.9,-67.383333,31.53,74.0,90.0,5.82
dezhou,37.448611,116.2925,56.25,33.0,99.0,11.23
vershino-shakhtaminskiy,51.3012,117.8868,19.96,92.0,81.0,11.61
ha giang,22.833333,104.983333,70.3,85.0,58.0,1.43
chumikan,54.718333,135.315,30.54,85.0,66.0,2.89
jining,41.0275,113.105833,27.27,77.0,1.0,4.03
akdepe,42.05,59.4,50.99,66.0,0.0,9.17
sharan,33.146667,68.791667,43.21,45.0,0.0,5.03
attawapiskat,52.916667,-82.433333,30.2,54.0,40.0,13.87
sabha,27.0333333,14.4333333,72.14,29.0,20.0,9.37
tigzirt,36.8938889,4.1225,60.85,64.0,1.0,11.3
olga,43.744444,135.289167,37.62,79.0,0.0,3.76
salinopolis,-0.616667,-47.333333,83.28,72.0,9.0,11.95
kashima,35.966667,140.633333,50.9,81.0,75.0,5.82
bengkulu,-3.8,102.266667,74.62,85.0,100.0,3.91
port-cartier,50.016667,-66.866667,31.15,92.0,90.0,4.7
sangar,63.924167,127.473889,17.02,97.0,100.0,3.36
chontalpa,17.7,-93.516667,82.22,73.0,98.0,4.07
litoral del san juan,4.258748,-77.365164,80.78,83.0,96.0,6.93
esperance,-33.86013,121.882591,55.4,87.0,0.0,5.82
houston,54.4,-126.65,28.4,86.0,75.0,5.53
hulan,45.983333,126.6,42.01,54.0,0.0,9.93
kieta,-6.2166667,155.6333333,79.14,76.0,60.0,2.73
lakhnadon,22.6,79.6,68.68,57.0,6.0,2.57
sydney,-33.861481,151.205475,56.5,95.0,92.0,3.0
hambantota,6.1166667,81.1166667,78.8,94.0,40.0,2.24
qibili,33.704387,8.969034,70.77,26.0,0.0,5.75
muroto,33.283333,134.15,65.08,63.0,21.0,8.61
jalu,29.0333333,21.55,70.9,52.0,5.0,6.26
srednekolymsk,67.45,153.683333,6.4,91.0,0.0,7.07
ilula,-7.6833333,36.0333333,71.6,53.0,75.0,5.93
sangmelima,2.9333333,11.9833333,69.57,96.0,100.0,2.39
khuzhir,53.193889,107.339722,27.46,81.0,0.0,4.38
hualmay,-11.0902778,-77.6294444,68.58,71.0,97.0,9.69
shasta lake,40.6805556,-122.3697222,66.61,6.0,1.0,21.92
montepuez,-13.1255556,38.9997222,71.46,77.0,3.0,6.98
churumuco,18.616667,-101.633333,94.8,43.0,100.0,1.95
neiafu,-18.65,-173.9833333,75.2,83.0,75.0,16.11
ferrol,43.483213,-8.236893,50.92,87.0,20.0,5.82
baker city,44.775,-117.8333333,33.8,43.0,90.0,3.06
kyra,49.5776,111.9753,25.0,76.0,100.0,3.8
klamath falls,42.225,-121.7805556,42.55,30.0,1.0,3.36
nogent-le-rotrou,48.320197,0.820593,47.75,87.0,0.0,8.05
henties bay,-22.1166667,14.2833333,57.0,91.0,0.0,1.99
esso,55.933333,158.7,32.77,93.0,100.0,2.17
itaituba,-4.216667,-56.016667,95.0,53.0,20.0,0.87
pacific grove,36.6177778,-121.9155556,67.86,10.0,1.0,4.7
popovo,43.35,26.2333333,48.2,100.0,20.0,3.36
laredo,27.5061111,-99.5072222,90.55,43.0,75.0,10.29
lewistown,47.0625,-109.4275,27.28,49.0,75.0,9.17
hobyo,5.3513889,48.5255556,79.32,80.0,4.0,8.79
grindavik,63.833333,-22.433333,41.0,80.0,75.0,16.11
bassano,50.783333,-112.466667,36.0,64.0,100.0,5.99
homer,59.6425,-151.5483333,42.67,70.0,90.0,26.4
mwene-ditu,-7.0,23.45,68.29,95.0,100.0,3.44
dubai,25.258172,55.304717,81.64,42.0,0.0,5.82
halalo,-13.35,-176.1833333,81.63,74.0,54.0,10.29
point pleasant,40.0830556,-74.0686111,62.65,100.0,90.0,5.82
geraldton,-28.778971,114.614594,53.6,93.0,75.0,4.7
ledyard,43.4216667,-94.1619444,27.66,79.0,1.0,5.82
yuanping,38.715278,112.7575,44.19,50.0,89.0,7.4
saint-georges,3.9,-51.8,86.0,74.0,40.0,6.93
do gonbadan,30.3586,50.7981,69.8,35.0,0.0,1.32
luanda,-8.836804,13.233174,77.0,83.0,20.0,8.05
morgan hill,37.1305556,-121.6533333,67.93,8.0,1.0,14.99
aswan,24.0875,32.8988889,80.85,28.0,0.0,10.13
hot springs,34.5036111,-93.055,49.73,87.0,90.0,5.82
tikamgarh,24.745,78.8333,71.82,31.0,0.0,1.81
yulara,-25.245291,130.980545,59.0,31.0,0.0,6.93
portland,-38.352612,141.605743,52.68,70.0,77.0,16.35
necochea,-38.547259,-58.736753,62.08,51.0,0.0,4.38
westport,53.8,-9.5166667,48.22,75.0,100.0,5.57
matagami,49.75,-77.633333,24.8,92.0,90.0,13.87
sataua,-13.4666667,-172.6666667,81.93,76.0,16.0,13.62
alihe,50.566667,123.716667,31.03,97.0,80.0,2.91
mount gambier,-37.831799,140.77919,46.4,87.0,99.0,11.41
nicolas bravo,18.45,-88.916667,84.2,79.0,90.0,11.41
jensen beach,27.2541667,-80.23,84.78,70.0,40.0,9.17
muros,42.776173,-9.060316,52.54,92.0,100.0,1.99
valparaiso,-33.047778,-71.601111,70.18,33.0,0.0,16.11
nisia floresta,-6.066667,-35.133333,83.28,69.0,40.0,12.75
kyshtovka,56.554983,76.627127,42.6,95.0,100.0,10.85
sayyan,15.1663889,44.3280556,53.42,34.0,0.0,4.61
puerto quijarro,-17.7833333,-57.7666667,95.09,40.0,100.0,9.08
troy,31.8086111,-85.97,81.79,51.0,20.0,3.36
bilma,18.6866667,12.9191667,71.24,22.0,0.0,1.03
makakilo city,21.3469444,-158.0858333,78.33,74.0,20.0,3.36
port macquarie,-31.43084,152.908936,55.99,96.0,98.0,12.86
bumba,2.183333,22.466667,73.15,92.0,88.0,1.95
avanigadda,16.016667,80.916667,75.04,87.0,0.0,3.69
zhaotong,27.316667,103.716667,49.42,91.0,99.0,3.69
abulug,18.445278,121.453333,79.97,85.0,100.0,13.76
bilibino,68.05,166.333333,3.24,97.0,100.0,2.55
ayan,56.45,138.166667,32.59,76.0,1.0,3.56
senanga,-16.1166667,23.2666667,77.88,20.0,0.0,6.49
shingu,33.733333,135.983333,52.9,65.0,9.0,5.79
kudahuvadhoo,2.6666667,72.9,82.47,76.0,8.0,8.1
rameswaram,9.283333,79.3,82.71,77.0,62.0,10.83
olafsvik,64.883333,-23.716667,37.98,83.0,100.0,15.19
mandalgovi,45.75,106.2666667,25.63,68.0,0.0,8.95
thinadhoo,0.5333333,72.9333333,82.78,69.0,48.0,7.38
quelimane,-17.8786111,36.8883333,78.8,83.0,40.0,11.41
nkan,0.7166667,9.6666667,78.8,88.0,20.0,4.7
dzhusaly,45.487778,64.078056,45.79,75.0,0.0,11.48
manono,-7.3,27.416667,71.94,84.0,100.0,2.1
waipawa,-41.412222,175.515278,51.6,100.0,100.0,16.11
lumut,4.2323,100.6298,77.0,100.0,20.0,7.52
chekmagush,55.131944,54.655556,29.28,93.0,96.0,18.52
buariki,1.5833333,172.9666667,78.8,78.0,75.0,4.7
srandakan,-7.938611,110.250556,76.64,87.0,100.0,7.72
ruatoria,-37.883333,178.333333,67.55,59.0,27.0,2.08
kuito,-12.383333,16.933333,71.74,43.0,75.0,7.09
astoria,46.1880556,-123.83,50.23,49.0,1.0,6.93
xinyu,27.804294,114.933354,60.94,75.0,74.0,2.21
sioux lookout,50.1,-91.916667,26.6,53.0,90.0,6.93
tual,-5.666667,132.75,82.02,74.0,100.0,7.72
mahalapye,-23.0666667,26.8333333,78.8,24.0,76.0,12.03
bengkalis,1.466667,102.133333,78.12,87.0,100.0,2.19
mulege,26.883333,-111.983333,77.74,50.0,3.0,18.86
kongsberg,59.65,9.65,42.39,96.0,100.0,2.06
puerto lopez,4.084514,-72.955974,89.76,56.0,17.0,6.82
chaohu,31.6,117.866667,59.32,87.0,79.0,2.24
nata,-20.2166667,26.1833333,81.68,16.0,0.0,14.61
macaiba,-5.716667,-35.55,83.32,70.0,40.0,13.87
nome,64.5011111,-165.4063889,34.61,69.0,90.0,4.7
silver city,32.77,-108.2797222,64.4,34.0,75.0,14.99
preston,42.0963889,-111.8758333,29.55,33.0,1.0,6.26
sekoma,-24.4,23.8833333,82.08,19.0,97.0,11.45
vikravandi,12.033333,79.55,76.3,82.0,0.0,4.94
olinda,-8.016667,-34.85,84.2,70.0,75.0,9.17
rumia,54.570608,18.410544,51.08,93.0,75.0,13.87
qasigiannguit,68.8166667,-51.1833333,17.6,72.0,75.0,2.24
bonfim,3.083333,-59.95,94.17,42.0,99.0,2.57
gorno-chuyskiy,57.642778,111.721944,8.38,92.0,12.0,1.63
mian channun,30.440042,72.354314,67.53,25.0,0.0,3.62
rungata,-1.35,176.4333333,81.95,66.0,85.0,8.16
busembatia,0.7697222,33.6130556,64.62,88.0,100.0,4.16
severodvinsk,64.5635,39.8302,33.8,89.0,90.0,11.18
ahumada,30.616667,-106.516667,82.09,15.0,0.0,17.78
karaman,37.181111,33.215,62.76,33.0,100.0,6.04
banda aceh,5.5577,95.3222,79.88,74.0,95.0,11.3
saint anthony,51.383333,-55.6,35.56,64.0,1.0,17.22
castel san giovanni,45.066667,9.433333,56.34,90.0,100.0,1.99
khonuu,66.45,143.1,10.02,85.0,96.0,2.19
bonthe,7.5263889,-12.505,79.66,86.0,98.0,7.31
bonavista,48.633333,-53.1,41.0,53.0,94.0,7.0
rafaela,-31.250332,-61.486696,76.8,21.0,0.0,5.99
coolum beach,-26.533331,153.091232,69.73,95.0,86.0,8.72
fallon,39.4736111,-118.7763889,41.0,23.0,1.0,1.99
coracora,-15.0333333,-73.7833333,64.49,29.0,60.0,13.06
satara,17.683333,73.983333,70.0,84.0,26.0,1.83
tilichiki,60.466667,166.1,28.9,98.0,100.0,6.89
zyryanka,65.75,150.85,4.41,91.0,0.0,3.6
okato,-39.2,173.883333,60.17,84.0,93.0,8.99
shache,38.416667,77.240556,39.94,61.0,99.0,2.15
tongren,27.717222,109.185278,60.26,78.0,68.0,0.54
ombessa,4.6,11.25,71.91,93.0,100.0,3.44
ucluelet,48.933333,-125.516667,46.78,81.0,90.0,2.24
ambilobe,-13.2,49.05,73.45,72.0,11.0,4.7
riviere-au-renard,48.983333,-64.383333,39.2,35.0,90.0,3.36
fort saint john,56.25,-120.833333,32.0,81.0,75.0,17.22
touros,-5.2,-35.466667,84.2,70.0,40.0,13.87
mahadday weyne,2.9666667,45.5333333,78.89,80.0,100.0,9.62
ilulissat,69.2166667,-51.1,17.6,72.0,75.0,2.24
ramanuj ganj,23.8,83.7,66.52,60.0,0.0,3.04
namie,37.483333,141.0,41.49,98.0,22.0,4.45
novyy svit,45.477545,36.297373,64.87,76.0,99.0,17.25
isla aguada,18.783333,-91.466667,84.2,74.0,90.0,12.75
mutsamudu,-12.1627778,44.3963889,78.06,76.0,7.0,3.94
gizo,-8.1,156.85,82.15,73.0,100.0,1.7
bandar-e torkaman,36.90165,54.070884,62.6,93.0,40.0,3.33
santa cruz,10.26053,-85.585097,78.8,94.0,75.0,6.93
beringovskiy,63.05,179.316667,31.05,91.0,0.0,2.73
ola,59.583333,151.283333,32.77,86.0,95.0,14.36
kouango,4.9666667,19.9833333,74.12,90.0,100.0,2.21
xihe,31.686355,113.465846,60.21,53.0,39.0,1.79
tottori,35.5,134.233333,54.16,68.0,35.0,5.57
viedma,-40.813452,-62.996676,82.0,14.0,8.0,8.01
matir,37.040448,9.665574,69.8,60.0,20.0,10.29
buraydah,26.325986,43.974966,71.6,21.0,0.0,4.7
verkhnevilyuysk,63.445278,120.316667,11.39,90.0,99.0,6.22
bobo dioulasso,11.2,-4.3,84.2,62.0,70.0,4.7
atasu,48.681389,71.643333,47.12,65.0,77.0,17.45
bainbridge,30.9036111,-84.5755556,84.63,58.0,40.0,8.05
bismarck,46.8083333,-100.7833333,21.06,49.0,1.0,13.87
marrakesh,31.631485,-8.008281,68.0,64.0,0.0,8.05
marcona,-15.2119444,-75.1102778,65.59,61.0,100.0,14.79
dunedin,-45.866667,170.5,48.0,84.0,71.0,1.99
mao,14.1194444,15.3133333,84.9,16.0,65.0,10.92
comodoro rivadavia,-45.864135,-67.496558,66.2,34.0,0.0,19.46
qiongshan,20.005833,110.354167,69.8,100.0,40.0,2.24
mahon,39.883333,4.25,53.6,81.0,20.0,5.82
buta,2.8,24.733333,70.56,95.0,82.0,1.86
wawa,48.0,-84.783333,30.2,58.0,75.0,2.24
toora-khem,52.4675,96.11,25.7,86.0,100.0,1.66
charyshskoye,51.3978,83.5598,37.35,75.0,100.0,5.88
keita,14.7572222,5.7805556,84.2,18.0,0.0,4.7
upington,-28.447758,21.256121,86.0,20.0,4.0,2.24
manokwari,-0.866667,134.083333,78.94,74.0,0.0,5.1
